SGU,MGU,LGU
E00004320,E02000173,London
E00004321,E02000173,London
E00004326,E02000173,London
E00004331,E02000173,London
E00004332,E02000173,London
E00004333,E02000173,London
E00004334,E02000173,London
E00004335,E02000173,London
E00004336,E02000173,London
E00004337,E02000173,London
E00004338,E02000173,London
E00004339,E02000173,London
E00004340,E02000173,London
E00004341,E02000173,London
E00004342,E02000173,London
E00004343,E02000173,London
E00004344,E02000173,London
E00004431,E02000173,London
E00004432,E02000173,London
E00004433,E02000173,London
E00004435,E02000173,London
E00004436,E02000173,London
E00004437,E02000173,London
E00004438,E02000173,London
E00004439,E02000173,London
E00004440,E02000173,London
E00004723,E02000187,London
E00004724,E02000187,London
E00004725,E02000187,London
E00004726,E02000187,London
E00004727,E02000187,London
E00004728,E02000187,London
E00004729,E02000187,London
E00004730,E02000187,London
E00004731,E02000187,London
E00004744,E02000187,London
E00004749,E02000187,London
E00004751,E02000187,London
E00004752,E02000187,London
E00004753,E02000187,London
E00004754,E02000187,London
E00004755,E02000187,London
E00004756,E02000187,London
E00004757,E02000187,London
E00004758,E02000187,London
E00004759,E02000187,London
E00004760,E02000187,London
E00004761,E02000187,London
E00004762,E02000187,London
E00004763,E02000187,London
E00004764,E02000187,London
E00004765,E02000187,London
E00009906,E02000414,London
E00009909,E02000414,London
E00009910,E02000414,London
E00009911,E02000414,London
E00009912,E02000414,London
E00009913,E02000414,London
E00009914,E02000414,London
E00009916,E02000414,London
E00009917,E02000414,London
E00009918,E02000414,London
E00009919,E02000414,London
E00009920,E02000414,London
E00009921,E02000414,London
E00009922,E02000414,London
E00009923,E02000414,London
E00009925,E02000414,London
E00009926,E02000414,London
E00009941,E02000414,London
E00009943,E02000414,London
E00010254,E02000422,London
E00010256,E02000422,London
E00010257,E02000422,London
E00010258,E02000422,London
E00010262,E02000422,London
E00010263,E02000422,London
E00010264,E02000422,London
E00010265,E02000422,London
E00010266,E02000422,London
E00010267,E02000422,London
E00010269,E02000422,London
E00010273,E02000422,London
E00010274,E02000422,London
E00010275,E02000422,London
E00010276,E02000422,London
E00010288,E02000422,London
E00010290,E02000422,London
E00010291,E02000422,London
E00010292,E02000422,London
E00010373,E02000421,London
E00010374,E02000420,London
E00010375,E02000420,London
E00010376,E02000421,London
E00010377,E02000421,London
E00010378,E02000421,London
E00010379,E02000421,London
E00010380,E02000420,London
E00010381,E02000421,London
E00010382,E02000420,London
E00010383,E02000421,London
E00010385,E02000420,London
E00010386,E02000420,London
E00010387,E02000421,London
E00010388,E02000421,London
E00010389,E02000420,London
E00010390,E02000420,London
E00010391,E02000420,London
E00010392,E02000421,London
E00010393,E02000421,London
E00010394,E02000421,London
E00010395,E02000420,London
E00010396,E02000420,London
E00010397,E02000421,London
E00010398,E02000421,London
E00010399,E02000420,London
E00010400,E02000421,London
E00010401,E02000420,London
E00010402,E02000420,London
E00010403,E02000421,London
E00010404,E02000421,London
E00010406,E02000420,London
E00010407,E02000420,London
E00010409,E02000420,London
E00010410,E02000420,London
E00010412,E02000421,London
E00010413,E02000420,London
E00010414,E02000421,London
E00010457,E02000415,London
E00010459,E02000415,London
E00010460,E02000415,London
E00010461,E02000415,London
E00010462,E02000415,London
E00010463,E02000415,London
E00010474,E02000415,London
E00010479,E02000415,London
E00010480,E02000415,London
E00010481,E02000415,London
E00010482,E02000415,London
E00010484,E02000415,London
E00010486,E02000415,London
E00010487,E02000415,London
E00010488,E02000415,London
E00010489,E02000415,London
E00010490,E02000415,London
E00010491,E02000415,London
E00010493,E02000415,London
E00011977,E02000520,London
E00011978,E02000520,London
E00011979,E02000520,London
E00011980,E02000520,London
E00012005,E02000520,London
E00012007,E02000520,London
E00012008,E02000520,London
E00012009,E02000520,London
E00012010,E02000520,London
E00012174,E02000522,London
E00012175,E02000524,London
E00012177,E02000524,London
E00012179,E02000524,London
E00012181,E02000524,London
E00012183,E02000524,London
E00012184,E02000524,London
E00012185,E02000524,London
E00012188,E02000524,London
E00012190,E02000524,London
E00012191,E02000524,London
E00012194,E02000524,London
E00012198,E02000524,London
E00012202,E02000524,London
E00012203,E02000522,London
E00012204,E02000522,London
E00012205,E02000524,London
E00012206,E02000524,London
E00012207,E02000522,London
E00012208,E02000522,London
E00012456,E02000520,London
E00012457,E02000520,London
E00012461,E02000520,London
E00012466,E02000520,London
E00012470,E02000520,London
E00012471,E02000520,London
E00012472,E02000520,London
E00012474,E02000520,London
E00012475,E02000520,London
E00012476,E02000520,London
E00012477,E02000520,London
E00012478,E02000520,London
E00012479,E02000520,London
E00012480,E02000520,London
E00012488,E02000520,London
E00012566,E02000524,London
E00012568,E02000522,London
E00012569,E02000522,London
E00012570,E02000524,London
E00012571,E02000524,London
E00012574,E02000522,London
E00012576,E02000522,London
E00012577,E02000522,London
E00012578,E02000522,London
E00012579,E02000522,London
E00012580,E02000522,London
E00012581,E02000524,London
E00012582,E02000522,London
E00012583,E02000522,London
E00012584,E02000522,London
E00012587,E02000522,London
E00012590,E02000522,London
E00012592,E02000522,London
E00012594,E02000522,London
E00012595,E02000522,London
E00012596,E02000522,London
E00012599,E02000522,London
E00012600,E02000524,London
E00013391,E02000572,London
E00013392,E02000572,London
E00013393,E02000572,London
E00013395,E02000572,London
E00013411,E02000572,London
E00013414,E02000572,London
E00013415,E02000572,London
E00013416,E02000572,London
E00013417,E02000572,London
E00013418,E02000572,London
E00013464,E02000572,London
E00013470,E02000572,London
E00013471,E02000572,London
E00013472,E02000572,London
E00013473,E02000572,London
E00013475,E02000572,London
E00013477,E02000572,London
E00013478,E02000572,London
E00013480,E02000572,London
E00013481,E02000572,London
E00013482,E02000572,London
E00013483,E02000572,London
E00013485,E02000572,London
E00013502,E02000572,London
E00013503,E02000572,London
E00170305,E02000421,London
E00170317,E02000422,London
E00170318,E02000422,London
E00170319,E02000421,London
E00174668,E02000173,London
E00174670,E02000173,London
E00174672,E02000173,London
E00174673,E02000173,London
E00174805,E02000572,London
E00174843,E02000572,London
E00176472,E02000522,London
E00176473,E02000522,London
E00178917,E02000420,London
E00178932,E02000420,London
E00178940,E02000420,London
E00178951,E02000421,London
E00178980,E02000420,London
E00179017,E02000420,London
E00179024,E02000421,London
E00184398,E02000520,London
E00184435,E02000520,London
E00184444,E02000522,London
E00184448,E02000520,London
E00184475,E02000520,London
E00184479,E02000522,London
E00184486,E02000520,London
E00184497,E02000520,London
E00184502,E02000520,London
E00184525,E02000520,London
E00184527,E02000520,London
E00184528,E02000520,London
E00190421,E02000187,London
E00190425,E02000187,London
E00190431,E02000187,London
E00190439,E02000187,London
E00190441,E02000187,London
E00190444,E02000187,London
E00190456,E02000187,London
E00190469,E02000187,London